fishing,Westernfishing
fishing,BASS_nation
fishing,ProAnglers
fishing,flyfishsage
basketball,ESPN_CollHoops
basketball,rudy5fernandez
basketball,detroitpistons
basketball,YaoMing
magazine,frankieMagazine
magazine,OK_Magazine
magazine,ELLEDECOR
magazine,VibeMagazine
magazine,LulaMag
magazine,HouseBeautiful
magazine,GINZA_magazine
magazine,BazaarUK
magazine,LonnyMag
magazine,BRUTUS_mag
magazine,thewiremagazine
magazine,FLAREfashion
magazine,CosmopolitanUK
magazine,popstarmagazine
magazine,Livingetc
magazine,ComplexMag
magazine,FlauntMagazine
magazine,Russh_Magazine
magazine,NewYorkMag
magazine,RueMagazine
magazine,elle_online
composer,rogerzare
chemistry,seibe10
chemistry,softmatter
chemistry,variandante
chemistry,Dereklowe
multimedia,usatinteractive
multimedia,storycenter
multimedia,jrue
multimedia,jpgmag
multimedia,bendelacruz
multimedia,iYassin
gaming,ncroal
literacy,GailTerp
literacy,NALD_BDAA
literacy,literacyns1
literacy,sljournal
mac_iphone,gizmodojapan
mac_iphone,hiro45jp
racing,autosportnews
racing,Hinchtown
reporter,PDcavsinsider
reporter,YellinCNN
reporter,AP_Ken_Thomas
reporter,RickSanchezTV
reporter,christomasson
reporter,alexanderrusso
reporter,yunjid
reporter,Bancha_nna
reporter,KBergCBS
reporter,OKnox
golf,TheSirNickFaldo
golf,The_Open_Champ
golf,Theprincedc
golf,GolfWorld1
cinema,anamariabahiana
cinema,filmow
cinema,cinemaorama
cinema,grupoestacao
cinema,cinedica
cinema,revistamoviola
cinema,canal_brasil
cinema,EnterPLAY
cinema,cinezine
cinema,mtvmoviesblog
cinema,AiCinema
neuroscience,DocAmen
liberal,EricBoehlert
liberal,dpleasant
liberal,RawStory
youtube,VidCon
java,caniszczyk
java,loic_d
java,dijouxellene
java,stringbuffer
java,Eclipse_Tips
java,benalexau
ruby,rails_bookmarks
ruby,macournoyer
ruby,MacRuby
ruby,edavis10
ruby,railsbridge
running,Garmin
cycling,thorhushovd
cycling,giroditalia
politics_news,Salon
politics_news,meetthepress
politics_news,FP_Magazine
finance_economics,NYTimesDealBook
finance_economics,thelexcolumn
finance_economics,barronsonline
finance_economics,debtkid
finance_economics,Vanguard_Group
finance_economics,The_Weakonomist
finance_economics,financialsamura
finance_economics,Green_Panda
pregnancy,4dsonogram
developer,Encosia
developer,bmf
developer,aza
developer,alanQuatermain
developer,chrisspooner
developer,gblock
developer,jbogard
developer,amberweinberg
developer,ID_AA_Carmack
developer,AaronHillegass
developer,chillingo
developer,karlseguin
developer,markjardine
developer,MomentoApp
developer,iTod
developer,cssglobe
developer,Woork
developer,SohTanaka
anime,masyuuki
ipad,fusion94
ipad,drance
ipad,bsneed
ipad,timcourtney
ipad,iPadPro
photography,NikonPro
photography,BestTravelPics
photography,thinkTANKphoto
photography,Nikon_Photo
photography,goingpro2010
documentary,NWdoc
documentary,rogergraef
documentary,the_dfg
documentary,docquote
documentary,thekidsgrowup
documentary,tuckergurl
documentary,judithhelfand
skateboarding,terrykennedyfs
wedding,LoveMyDressBlog
energy,YaleE360
energy,BrighterEnergy
energy,NTS_SmartGrid
energy,ASES_Solar
energy,Chesapeake
energy,solar_energy1
energy,energylover
beauty_fashion_shopping,FabSugar
beauty_fashion_shopping,lookbookdotnu
beauty_fashion_shopping,rumineely
beauty_fashion_shopping,peoplesrev
beauty_fashion_shopping,DerekBlasberg
hospitality,HospitalityWN
hospitality,GuestPulse
hospitality,GuestReferrals
hospitality,HotelBlogs
hospitality,TravelBlggr
hospitality,TheWestinMaui
hospitality,GoogleTravel
hospitality,nytimestravel
wine,Timfishwine
outdoors_hiking,outboundfamily
recipes_cooking,mdennelly
comedy_funny,timminchin
comedy_funny,TheCharlieDay
comedy_funny,ScottAukerman
comedy_funny,natashaleggero
comedy_funny,RealMattLucas
comedy_funny,edwardhelms
comedy_funny,morgan_murphy
comedy_funny,ChelseaVPeretti
comedy_funny,denisleary
comedy_funny,DougStanhope
comedy_funny,marcusbrig
theatre_theater,WICKED_Musical
architecture,ArchisVolume
architecture,Arch2030
architecture,ARCILOOK
publishing_literature,Borders
publishing_literature,literaticat
publishing_literature,jwikert
publishing_literature,moonrat
blogs,felipeneto
blogs,tedouumdado
blogs,guardianmusic
blogs,alteredzones
blogs,theQuietus
blogs,bqeg
blogs,sedentario_org
blogs,swissmiss
blogs,rcrdlbl
blogs,muzzleofbees
blogs,Danosse
blogs,pecesiqueira
blogs,earfarm
blogs,garotasemfio
blogs,malvados
blogs,Booooooom
blogs,naointendo
blogs,themusicninja
blogs,mattpicasso
blogs,haznos
blogs,thedailyswarm
marriage,LesParrott
nature,Pescalune
nature,rangerous
nature,gordonjbuchanan
nature,wildlifesociety
college,BigTenNetwork
college,LSUCoachMiles
college,BarnardCollege
college,edsbs
college,HowardU
college,UND_com
college,ChipBrownOB
college,VassarNews
religion,rofters
religion,umreporter
religion,ArticlesofFaith
religion,ProjectIntrf8th
religion,JeffreyWeissRCR
religion,emergentvillage
charity_philanthropy,QueenRania
charity_philanthropy,USAID
climbing,ethanpringle
radio,EmpowerURToday
radio,774melbourne
climatechange,350
engineering,USC_GAPPenings
engineering,eceILLINOIS
engineering,HopkinsEngineer
poetry,ponyups
poetry,myearthgirl
poetry,craftygreenpoet
poetry,HikiMadwoman
automotive,johnvoelcker
html,plhw3org
html,bocoup
html,humphd
html,processingjs
html,rmurphey
html,jQueryPodcast
html,html5now
html,Tojiro
html,aerotwist
html,Vincent_Scheib
html,codrops
innovation,BeUnreasonable
innovation,pinnovation
innovation,jseelybrown
innovation,InnovationDaily
innovation,Gwen_Ishmael
innovation,Toffeemen68
innovation,trendwatching
innovation,CloverleafInnov
innovation,Richard_Florida
innovation,ideasurge
innovation,jsbelfiore
innovation,kickstarter
dance,GevManoukian
management,IntlMBA_In
management,ZakirJaafar
management,deanisaacs
ceo,AliciaSanera
ceo,mariaandros
ceo,gibsondm
ceo,Solarplant
ceo,mrkwpalmer
ceo,robhoward
ceo,heif
ceo,hnshah
ceo,realDonaldTrump
ceo,marissalevin
ceo,erichippeau
ceo,anandmahindra
ceo,mktgmann
homeschool_school,thatoddmom
yoga,Amy_Ippoliti
etsy_handmade,misaetsy
etsy_handmade,wishwithme
etsy_handmade,michaelmcdowell
nutrition,nutritiondata
nutrition,KarenAnselRD
nutrition,pediRD
nutrition,RD_Jane
nutrition,davidgrotto
nutrition,joyoushealth
nutrition,EatWhatYouLove
nutrition,cbshealth
nutrition,CarleneFutureRD
nutrition,TrinaR_RD
nutrition,NutritionTalk
rapper,PlugWonDeLaSoul
anthropology,SiamackSalari
anthropology,captain_primate
sport_football,Nanas08
sport_football,pbarclaytimes
sport_football,chris_kammy
sport_football,SeppBlatter
sport_football,honigstein
sport_football,FCBarcelona
surfing,RustySurfboards
surfing,taylor_knox
nursing,ontarionurses
airlines_aviation,elal_airlines
hacking,anonymouSabu
hacking,reversemode
hacking,ethicalhacker
hacking,shmoocon
hacking,hackinthebox
hacking,alexsotirov
hacking,ihackstuff
branding,davequintana
branding,ThinkBusiness
branding,blancheagency
branding,Devoted2HR
dating,MattandTamsen
dating,BobbiPal
banking,AmericanBanking
advertising,iab
advertising,barbariangroup
advertising,JWTNewYork
advertising,AnomalyLondon
advertising,faris
advertising,ogilvypr
advertising,benkunz
advertising,OgilvyLabs
advertising,thisisdare
advertising,LeoBurnettBlog
realitytv,AubreyODay
realitytv,ShaunieONeal
realitytv,ramonasinger
realitytv,Roycelr
realitytv,ElleNavarro
realitytv,VH1CHANCE
biology,CellStemCell
poverty,nytimeseconomix
poverty,WeAreVisible
poverty,OnPurposeMag
poverty,RealChangeNews
tech,Yahoo
tech,slashdot
tech,twitlive
tech,googlevoice
tech,GeekPolice
tech,googlereader
tech,Rafe
tech,TwitPic
tech,gdgt
tech,windowslive
tech,GoogleAtWork
tech,jeffjarvis
tech,Caterina
tech,Seesmic
tech,Computerworld
tech,davewiner
tech,epicenterblog
tech,BBCTech
tech,digiphile
tech,chr1sa
tech,VentureBeat
tech,cnntech
tech,nytimesbits
tech,wefollow
cancer,CancerVoicesSA
newspaper,MailOnline
newspaper,OttawaCitizen
newspaper,starbizmy
newspaper,edmontonjournal
newspaper,LasVegasSun
archaeology,ManeyArchaeo
archaeology,NPSArcheology
archaeology,lynnegoldstein
archaeology,MarlonBP
perl,perlcast
democrat,SenSanders
musician_singer,thescript
musician_singer,collective_soul
musician_singer,WeAreTheUsed
musician_singer,wearephoenix
astronomy_physics,NASAFermiTelscp
astronomy_physics,NASA_Langley
university,UHWestOahu
university,UniOfSurrey
university,BangorUni
parenting,momtrends
parenting,SchoolFamily
parenting,iMommyTalk
parenting,FamilyCircle
parenting,AskDrVicki
pharma,NovartisTrials
pharma,JNJVideo
sailing,BMWORACLE2010
sailing,valenciasailing
marketing,tmaemarketing
marketing,TinaCook
marketing,JamesBlute
marketing,teedubya
marketing,PatrickStrother
marketing,dharmesh
marketing,KISSmetrics
marketing,PaulKirchoff
marketing,randfish
marketing,verkoren
marketing,toprank
marketing,JeffreyHayzlett
marketing,juntajoe
marketing,ckburgess
marketing,MarketingUK
marketing,Coachforyou
marketing,chefpaul9828
marketing,AlanSee
marketing,davepeck
marketing,joelcomm
database,GeorgeTrujillo
database,mysqlscott
agriculture,mncorn
tvshows_drama_actor_hollywood,DiannaAgron
tvshows_drama_actor_hollywood,iamedigathegi
tvshows_drama_actor_hollywood,ericstonestreet
tvshows_drama_actor_hollywood,Chris_Gorham
tvshows_drama_actor_hollywood,David_Boreanaz
tvshows_drama_actor_hollywood,alecbaldwin
buddhism,budha_bot
buddhism,dzigarkongtrul
buddhism,ohiobuddhist
buddhism,jiincom
construction,ConstructionNY
construction,KELLERDENALI
construction,cdcnews
construction,CT_mag
construction,GreenBuildNews
construction,ContractJournal
construction,TXConstruction
sociology,ULSociology
sociology,Sex_and_Society
baseball,HardballTalk
food_chef,nytimesdining
food_chef,TheAtlanticLIFE
food_chef,food52news
food_chef,seriouseatsny
food_chef,tiwyf
food_chef,rachael_ray
food_chef,thefoodnetwork
food_chef,kogibbq
food_chef,norecipes
food_chef,SweetTartelette
food_chef,LAWeeklyFood
food_chef,thedelicious
food_chef,WhiteOnRice
food_chef,FoodPorn
food_chef,thejgold
food_chef,johntedge
food_chef,Francis_Lam
food_chef,MattArmendariz
tennis,jesselevine7
astrology,TonyVowles
astrology,adastrology
astrology,darkastr
astrology,cuspects
astrology,pathea
lawyer_legal,in_house_lawyer
exercise_fitness,theginmiller
exercise_fitness,CarrotsNCake
exercise_fitness,Disc_Health
exercise_fitness,besthealthmag
insurance,namicnews
hunting,whitetailfreaks
hunting,dixieoutdoors
children,KarriannGraf
psychology_mentalhealth,mental__health
psychology_mentalhealth,drhappy
weather,ForecastiPhone
weather,metoffice
sustainability_ecology,Tillesuk
sustainability_ecology,brightgreen
sustainability_ecology,ecogeek
sustainability_ecology,Devcrossing
sustainability_ecology,GreenAwards
sustainability_ecology,dotearth
sustainability_ecology,travelinggreen
sustainability_ecology,kaskadia
sustainability_ecology,vannshane
sustainability_ecology,jamesfarrar
sustainability_ecology,UNEPandYou
sustainability_ecology,greenoptions
sustainability_ecology,jan_morgan
highered,joelgoodman
highered,edSocialMedia
highered,StephGeyer
highered,Frommelt
highered,kyledbowen
highered,BlueFuego
highered,LuminaFound
screenwriter,NiaVardalos
screenwriter,ScriptwritingUK
screenwriter,ddmulholland
screenwriter,covermyscript
peace,greenpeace_bs
peace,GP_Toxics
director,TheJanelleShow
director,ZackSnyder
director,AlexNazari
director,wiegaertner
director,HypeWilliams
director,GVisuals
director,ColinTilley
director,TAJ_TPK
director,jwoliner
director,jgarlin
director,DirectorDrTeeth
director,Jon_Reiss
director,ferretprincess
director,martinoxon
director,CameronCrowe
director,bergopolis
director,freddurst
director,GunnerGale
director,RaulArevaloZ
humanrights_activism_justice,VanJones68
humanrights_activism_justice,ruckusociety
humanrights_activism_justice,Aharon777
humanrights_activism_justice,amnestyOz
humanrights_activism_justice,Anti_Slavery
humanrights_activism_justice,WomenforWomen
accounting,WebCPAtweets
accounting,RebeccaTervoCPA
accounting,VirtualCpaLisa
accounting,TaxMan45
healthcare_medicine,HIPAA_School
healthcare_medicine,health2con
healthcare_medicine,commonwealthfnd
healthcare_medicine,mobilehealth
healthcare_medicine,connectedhealth
healthcare_medicine,paulroemer
teaching,ProfHacker
investor,500
investor,Borthwick
investor,chchien
investor,investinghead
investor,sether
investor,SouthEastInvest
investor,hkanji
author,becfitzpatrick
author,CynLeitichSmith
author,kamigarcia
author,kierstenwhite
fantasy,sgardnerUSAT
fantasy,knoxbardeen
fantasy,FantasyTackles
fantasy,FFMastermind
fantasy,CharlieSaponara
linguistics,kessling
history,teachinghistory
history,AnneBoleynFiles
history,HistoryCenter
history,HistoryNeedsYou
history,WomenOfHistory
history,History_Hub
history,BibliOdyssey
filmfestival,edfilmfest
filmfestival,GreenFilmFest
filmfestival,hollywoodfest
horror,GothicNet
restaurant_dining,SUSHISAMBA
restaurant_dining,DineAcadiana
writing,gothamwriters
writing,DaronFraley
writing,protagonize
writing,rtwdave
writing,NameYourTale
writing,ycontributor
writing,AbbieMood
baking,koskim
baking,iMeshella
baking,fawsal
baking,BeautifulCakes
baking,chloeacbaker
baking,plainjanetweets
baking,giornalista515
baking,Trus_
baking,sarahganly
python,theSeanOC
python,hpk42
jokes,Sms2Text
jokes,dearblankplease
gardening,gardenwise
gardening,dobbiesdotcom
gardening,GardenAnswers
realestate,CumberlandAgent
realestate,rewebcoach
trading,bigmovingstock
trading,FouStockPicks
trading,Xiphos_Trading
trading,herbgreenberg
trading,NewElliottWRule
trading,David_Stendahl
trading,IndianaGrainCo
trading,MomentumStocks
trading,StockAddict
trading,marketfolly
trading,RagheeHorner
trading,ivolatility
trading,stockchartscom
trading,tradethecycles
guitar,TheRockHouse
