etsy,handmade,54
cinema,hollywood,23
history,archaeology,30
outdoors,hiking,57
outdoors,hunting,26
outdoors,nature,34
outdoors,climbing,36
rapper,singer,28
handmade,etsy,54
college,university,40
linux,opensource,66
restaurant,dining,61
restaurant,food,26
restaurant,chef,27
theatre,theater,77
musician,singer,89
musician,hollywood,40
tech,blogs,21
tech,ceo,25
tech,smartphone,26
tech,mac,22
marketing,advertising,29
sport,football,68
fashion,magazine,40
fashion,beauty,46
fashion,shopping,59
photography,multimedia,25
politics,news,57
politics,reporter,32
politics,liberal,42
news,magazine,23
news,economics,29
news,blogs,24
news,politics,57
news,newspaper,35
news,reporter,22
news,finance,34
comedy,funny,121
comedy,director,22
comedy,hollywood,32
comedy,jokes,28
comedy,actor,44
food,dining,31
food,chef,78
food,cooking,40
food,recipes,48
food,restaurant,26
food,baking,31
advertising,marketing,29
football,sport,68
actor,drama,45
actor,funny,39
actor,tvshows,48
actor,director,38
actor,comedy,44
actor,hollywood,102
beauty,magazine,28
beauty,fashion,46
beauty,shopping,32
finance,economics,56
finance,news,34
finance,trading,39
sustainability,ecology,50
sustainability,energy,37
sustainability,nature,21
sustainability,climatechange,22
publishing,literature,76
publishing,writing,40
charity,activism,34
charity,poverty,26
charity,philanthropy,49
charity,justice,36
mobile,smartphone,69
mac,ipad,30
mac,iphone,48
mac,developer,33
mac,tech,22
airlines,aviation,59
astronomy,physics,58
ceo,tech,25
healthcare,medicine,59
healthcare,pharma,37
hiking,outdoors,57
lawyer,legal,81
trading,economics,23
trading,finance,39
poverty,charity,26
poverty,philanthropy,28
poverty,justice,36
archaeology,anthropology,21
archaeology,history,30
neuroscience,psychology,38
anthropology,archaeology,21
activism,charity,34
activism,humanrights,47
activism,liberal,26
activism,philanthropy,35
activism,justice,72
climbing,outdoors,36
ipad,mac,30
ipad,iphone,37
pharma,medicine,21
pharma,healthcare,37
reporter,news,22
reporter,politics,32
physics,astronomy,58
homeschool,school,136
buddhism,meditation,40
climatechange,ecology,28
climatechange,sustainability,22
hunting,outdoors,26
theater,theatre,77
multimedia,photography,25
romance,author,25
jokes,funny,36
jokes,comedy,28
legal,lawyer,81
newspaper,news,35
aviation,airlines,59
philanthropy,charity,49
philanthropy,activism,35
philanthropy,poverty,28
philanthropy,justice,37
chef,dining,29
chef,food,78
chef,cooking,23
chef,recipes,23
chef,restaurant,27
chef,baking,21
humanrights,activism,47
humanrights,justice,39
career,employment,47
military,army,48
military,veteran,68
energy,ecology,29
energy,sustainability,37
exercise,nutrition,25
exercise,fitness,49
university,college,40
recipes,food,48
recipes,chef,23
recipes,cooking,58
recipes,baking,29
opensource,linux,66
medicine,healthcare,59
medicine,pharma,21
director,screenwriter,32
director,comedy,22
director,hollywood,36
director,actor,38
nature,ecology,31
nature,outdoors,34
nature,sustainability,21
economics,news,29
economics,trading,23
economics,finance,56
magazine,blogs,27
magazine,news,23
magazine,beauty,28
magazine,fashion,40
psychology,neuroscience,38
psychology,mentalhealth,41
literature,author,21
literature,writing,38
literature,publishing,76
nutrition,exercise,25
nutrition,fitness,38
blogs,magazine,27
blogs,news,24
blogs,tech,21
iphone,ipad,37
iphone,mac,48
iphone,developer,30
cooking,food,40
cooking,chef,23
cooking,recipes,58
cooking,baking,23
singer,rapper,28
singer,musician,89
singer,hollywood,51
developer,mac,33
developer,html,31
developer,iphone,30
writing,author,23
writing,literature,38
writing,publishing,40
author,literature,21
author,writing,23
author,romance,25
fitness,exercise,49
fitness,nutrition,38
funny,comedy,121
funny,hollywood,31
funny,jokes,36
funny,actor,39
shopping,beauty,32
shopping,fashion,59
drama,tvshows,42
drama,hollywood,35
drama,actor,45
ecology,energy,29
ecology,sustainability,50
ecology,nature,31
ecology,climatechange,28
dining,food,31
dining,chef,29
dining,restaurant,61
html,developer,31
army,veteran,30
army,military,48
smartphone,mobile,69
smartphone,tech,26
tvshows,drama,42
tvshows,hollywood,45
tvshows,actor,48
employment,career,47
mentalhealth,psychology,41
veteran,army,30
veteran,military,68
hollywood,drama,35
hollywood,funny,31
hollywood,cinema,23
hollywood,tvshows,45
hollywood,singer,51
hollywood,musician,40
hollywood,director,36
hollywood,comedy,32
hollywood,actor,102
baking,food,31
baking,chef,21
baking,cooking,23
baking,recipes,29
school,homeschool,136
justice,charity,36
justice,activism,72
justice,poverty,36
justice,humanrights,39
justice,philanthropy,37
liberal,activism,26
liberal,politics,42
meditation,buddhism,40
screenwriter,director,32
