architecture,180
tech,159
gardening,116
magazine,103
musician_singer,76
politics_news,72
tvshows_drama_actor_hollywood,57
airlines_aviation,47
beauty_fashion_shopping,40
peace,34
nature,34
realestate,32
youtube,31
comedy_funny,30
mobile_smartphone,29
energy,25
rapper,25
sustainability_ecology,23
mac_iphone,23
blogs,22
marketing,22
construction,21
publicrelations,21
investor,20
realitytv,19
newspaper,19
ceo,18
reporter,17
highered,17
finance_economics,16
hospitality,14
chemistry,14
automotive,13
director,13
humanrights_activism_justice,12
basketball,11
army_military_veteran,11
hacking,11
sailing,11
innovation,11
radio,10
ipad,10
charity_philanthropy,10
geography,10
sport_football,9
climatechange,9
etsy_handmade,9
democrat,9
astronomy_physics,9
gaming,8
cinema,8
baking,8
restaurant_dining,8
advertising,8
photography,8
flash,7
teaching,7
food_chef,7
developer,7
weather,6
exercise_fitness,6
animation,6
management,5
banking,5
history,5
guitar,5
college,5
philosophy,5
career_employment,5
nutrition,4
wedding,4
author,4
buddhism,4
archaeology,4
climbing,4
documentary,4
lesbian,4
wine,4
housing,4
html,4
jokes,4
genealogy,4
horror,3
branding,3
multimedia,3
hockey,3
hunting,3
healthcare_medicine,3
toys,3
skateboarding,3
filmfestival,3
running,3
database,3
publishing_literature,3
yoga,3
liberal,3
parenting,3
linux_opensource,2
cycling,2
writing,2
golf,2
screenwriter,2
tennis,2
wrestling,2
pharma,2
magician,2
outdoors_hiking,2
storage,2
vegetarian,2
agriculture,2
recipes_cooking,2
literacy,1
dental,1
comics,1
anthropology,1
children,1
java,1
trading,1
meditation,1
anime,1
sociology,1
cancer,1
poetry,1
poker,1
rugby,1
drums,1
fishing,1
linguistics,1
php,1
racing,1
beer,1
accounting,1
skiing,1
religion,1
